{"cameraMode":{"drawMode":0,"name":"Shaded","section":"Shading Mode"},"sceneLighting":true,"audioPlay":false,"sceneViewState":{"showFog":true,"showMaterialUpdate":false,"showSkybox":true,"showFlares":true,"showImageEffects":true,"showParticleSystems":true},"in2DMode":false,"pivot":{"x":0.8508548736572266,"y":2.332836627960205,"z":0.8085157871246338},"rotation":{"x":-0.024520142003893853,"y":0.9724874496459961,"z":-0.12052847445011139,"w":-0.19784078001976014},"size":0.8233200907707214,"orthographic":false}