{"cameraMode":{"drawMode":0,"name":"Shaded","section":"Shading Mode"},"sceneLighting":true,"audioPlay":false,"sceneViewState":{"showFog":true,"showMaterialUpdate":false,"showSkybox":true,"showFlares":true,"showImageEffects":true,"showParticleSystems":true},"in2DMode":false,"pivot":{"x":2.1686253547668459,"y":0.8705863952636719,"z":-3.1034340858459474},"rotation":{"x":0.3799433708190918,"y":-0.20947027206420899,"z":0.08875943720340729,"w":0.8966242671012878},"size":5.703297138214111,"orthographic":false}