{"cameraMode":{"drawMode":0,"name":"Shaded","section":"Shading Mode"},"sceneLighting":true,"audioPlay":false,"sceneViewState":{"showFog":true,"showMaterialUpdate":false,"showSkybox":true,"showFlares":true,"showImageEffects":true,"showParticleSystems":true},"in2DMode":false,"pivot":{"x":-0.3137667179107666,"y":2.4624099731445314,"z":90.34986114501953},"rotation":{"x":0.08900611102581024,"y":0.2627404034137726,"z":-0.02432878315448761,"w":0.9605145454406738},"size":2.7458674907684328,"orthographic":false}